{"cameraMode":{"drawMode":0,"name":"Shaded","section":"Shading Mode"},"sceneLighting":true,"audioPlay":false,"sceneViewState":{"m_AlwaysRefresh":false,"showFog":true,"showSkybox":true,"showFlares":true,"showImageEffects":true,"showParticleSystems":true,"showVisualEffectGraphs":true,"m_FxEnabled":true},"in2DMode":false,"pivot":{"x":-2.7899703979492189,"y":1.0400341749191285,"z":-7.124149322509766},"rotation":{"x":0.38800057768821719,"y":-0.04862965643405914,"z":0.02225549891591072,"w":0.9214859008789063},"size":55.80083465576172,"orthographic":false}